{
  "target_event_long": {
    "threshold": 0.5750000000000002,
    "fbeta": 0.7360333785346369,
    "precision": 0.753763963088878,
    "recall": 0.6727351538794972,
    "f1": 0.7109482363719651
  },
  "target_event_short": {
    "threshold": 0.5750000000000002,
    "fbeta": 0.7757016509823478,
    "precision": 0.7819460726846424,
    "recall": 0.7516904583020285,
    "f1": 0.7665198237885462
  },
  "event_breakout_up": {
    "threshold": 0.42500000000000004,
    "fbeta": 0.47094187337721555,
    "precision": 0.5340909090909091,
    "recall": 0.3197278911564626,
    "f1": 0.4
  },
  "event_breakdown_down": {
    "threshold": 0.375,
    "fbeta": 0.46218486634284256,
    "precision": 0.4548872180451128,
    "recall": 0.49387755102040815,
    "f1": 0.4735812133072407
  }
}