{
  "log_temp": [
    0.15499496459960938,
    0.17732514441013336,
    0.7750662565231323,
    0.6341217756271362
  ],
  "bias": [
    -1.0606003999710083,
    -0.4152563512325287,
    -3.6196162700653076,
    -4.504772663116455
  ]
}