{
  "type": "robust",
  "median": [
    33668.751774411125,
    33660.82882947894,
    33749.34070835317,
    50.7870835266926,
    6.175053007804308,
    5.86675465564578,
    -0.42455757329226174,
    34622.888279872306,
    33737.29475,
    32467.75092004768,
    0.029955683949378697,
    0.52009459416741,
    275.91133303787217,
    0.8101511938244177,
    32.38136803864349,
    18.73201372907303,
    19.367251819857746,
    2325.23963125,
    0.8450019776521973,
    1.0,
    1.0,
    0.0,
    0.0,
    1.0,
    6.656120764925166e-05,
    0.0001562655283207,
    0.0008200626421497,
    33624.14631918534,
    34225.78450255048,
    32833.26183905873,
    34818.78049554159,
    31975.827923502704,
    0.1071414520444917,
    2071266.5297294818,
    485.45176863716915,
    0.0,
    0.5201236302501713,
    533130.9321610027,
    533027.7769579627,
    -2.102288962720195,
    0.0,
    0.0,
    0.0,
    1.0,
    0.03951941858951305,
    0.1575194185895087,
    -0.07848058141048075,
    0.0,
    0.5,
    0.0,
    0.0,
    0.0,
    0.0,
    0.0,
    0.0,
    -0.30267605800381775,
    0.0,
    0.0,
    0.0,
    0.0113772437456307,
    0.01324413443349275,
    0.0,
    0.0,
    0.01373873438252085,
    0.0084562426678968,
    0.0,
    0.0,
    0.0,
    0.0,
    0.0,
    0.0,
    0.0,
    0.0,
    0.0,
    0.0,
    0.0,
    7.898171351661265e-05,
    0.0,
    0.00029258250818335,
    0.0,
    15.843534374404848,
    909.6090124474331,
    6.17890752170891e-05,
    0.0002223973093051,
    0.0051383154520936,
    0.00642303718900505,
    0.7966874653895133,
    0.00014020390254974998,
    0.0001917275326973,
    0.0003362144628533,
    0.031880073700279954,
    0.05897570349857095,
    0.00477917720459505,
    0.0053340975455481,
    0.9140227983667106,
    0.4828192146490261,
    0.5293918201237511,
    0.5346179642063449,
    1.4608401467130507,
    1.647225221862351,
    2.127218881160906,
    2.474386530586006,
    0.014866106003989,
    0.24382134762623414,
    0.26701740073073776,
    0.2415909900415421,
    0.17977960706788654,
    1.9290094067322816,
    2.2202464331174987,
    -0.31090299677614086,
    0.8446696705165866,
    0.0,
    0.0,
    0.0,
    0.0,
    0.0,
    0.0
  ],
  "scale": [
    17506.92766801667,
    17463.67958866961,
    17098.48620439279,
    15.372421611060684,
    156.48316789977363,
    152.32822630039774,
    49.12146632107504,
    17986.789295656512,
    17491.173280359995,
    16702.19073881548,
    0.02175351881042142,
    0.3583492940398895,
    229.50713244250835,
    0.41490484211079903,
    13.908220499463944,
    9.353755784849968,
    9.526106167355627,
    1555.4214412008548,
    0.3971971599165779,
    1e-08,
    1e-08,
    1e-08,
    1e-08,
    1e-08,
    0.003756584149317937,
    0.007401013838439864,
    0.021864421052400388,
    17527.56455525591,
    17765.90659205493,
    17037.72563262221,
    18004.536169221556,
    16605.52268535932,
    1.5222067343967414,
    984826.9758096413,
    3821.985625878567,
    1e-08,
    0.3627171233722339,
    466734.7251151352,
    468514.1776011782,
    4947.054051291247,
    1e-08,
    1e-08,
    1e-08,
    1e-08,
    0.3622472661387086,
    0.36224726613871944,
    0.3622472661386953,
    1e-08,
    0.74130001,
    1e-08,
    1e-08,
    1.4826000099999999,
    1e-08,
    1e-08,
    1e-08,
    0.6652786628672618,
    1e-08,
    1e-08,
    1e-08,
    0.010981292699614828,
    0.01250693303405466,
    1e-08,
    1e-08,
    0.032828038742632216,
    0.032846625941443185,
    1e-08,
    1e-08,
    1e-08,
    1e-08,
    1e-08,
    1e-08,
    1e-08,
    1e-08,
    1e-08,
    1e-08,
    1e-08,
    0.004843100499439305,
    0.008900378065679424,
    0.009793400027860956,
    0.018303713703703733,
    3.262200653270696,
    671.6481362408852,
    0.0026080316389396514,
    0.00642548697828066,
    0.002686001652991156,
    0.0034712179495367695,
    0.2060581271334536,
    0.006498882458787264,
    0.00928559751125289,
    0.01396866394406094,
    1.2499124747528276,
    1.8575909405252355,
    0.002889862844628313,
    0.002519130624137416,
    0.362001718327129,
    0.2259979914785431,
    0.3238086521274884,
    0.3340386343172015,
    1.0195443647615738,
    1.0845995510623117,
    1.5279249726809279,
    1.6974828816016816,
    0.61223826579705,
    0.21201534785867196,
    0.22302083653921578,
    0.21725915114099376,
    0.1621752289834322,
    1.375009980114369,
    1.5113426269215469,
    0.7393825481882743,
    0.39689163811044126,
    1e-08,
    1e-08,
    1e-08,
    1e-08,
    1e-08,
    1e-08
  ],
  "feature_columns": [
    "ema_21",
    "ema_55",
    "ema_200",
    "rsi",
    "macd",
    "macd_signal",
    "macd_hist",
    "bb_upper",
    "bb_middle",
    "bb_lower",
    "bb_width",
    "bb_position",
    "atr",
    "atr_pct",
    "adx",
    "di_plus",
    "di_minus",
    "vol_sma",
    "vol_ratio",
    "trend_ema",
    "trend_long",
    "macd_cross",
    "rsi_zone",
    "trend_strength",
    "return_1",
    "return_4",
    "return_24",
    "vwap",
    "vwap_upper_1",
    "vwap_lower_1",
    "vwap_upper_2",
    "vwap_lower_2",
    "vwap_distance",
    "cvd",
    "cvd_momentum",
    "cvd_divergence",
    "buy_volume_pct",
    "obv",
    "obv_ema",
    "obv_momentum",
    "obv_bullish_div",
    "obv_bearish_div",
    "fib_in_zone",
    "fib_zone_type",
    "fib_500_dist",
    "fib_618_dist",
    "fib_382_dist",
    "ms_hh",
    "ms_hl",
    "ms_lh",
    "ms_ll",
    "ms_trend",
    "ms_bullish_bos",
    "ms_bearish_bos",
    "ms_choch",
    "liq_vol_zscore",
    "liq_high_vol_zone",
    "liq_above",
    "liq_below",
    "liq_dist_high",
    "liq_dist_low",
    "ob_bullish",
    "ob_bearish",
    "ob_dist_bullish",
    "ob_dist_bearish",
    "ob_near_bullish",
    "ob_near_bearish",
    "fvg_bullish",
    "fvg_bearish",
    "fvg_bullish_size",
    "fvg_bearish_size",
    "fvg_bullish_unfilled",
    "fvg_bearish_unfilled",
    "div_rsi_bullish",
    "div_rsi_bearish",
    "div_rsi_signal",
    "eth_return_1h",
    "sol_return_1h",
    "eth_return_4h",
    "sol_return_4h",
    "btc_eth_ratio",
    "btc_sol_ratio",
    "btc_eth_divergence",
    "btc_sol_divergence",
    "btc_volatility",
    "eth_volatility",
    "volatility_ratio",
    "impulse_3",
    "impulse_6",
    "impulse_12",
    "impulse_atr_6",
    "impulse_atr_12",
    "realized_vol_12",
    "realized_vol_48",
    "compression_ratio",
    "range_compression",
    "range_pos_12",
    "range_pos_24",
    "dist_to_high_12_atr",
    "dist_to_low_12_atr",
    "dist_to_high_24_atr",
    "dist_to_low_24_atr",
    "body_strength",
    "upper_wick_ratio",
    "lower_wick_ratio",
    "trend_efficiency_12",
    "trend_efficiency_24",
    "pullback_from_high_atr",
    "bounce_from_low_atr",
    "volume_zscore_20",
    "volume_ratio_20",
    "near_prev_low",
    "near_prev_high",
    "bull_rejection",
    "bear_rejection",
    "double_bottom_proxy",
    "double_top_proxy"
  ]
}