{
  "mean": [
    36056.026379019044,
    36032.98522779161,
    35928.518839189244,
    50.82429851837115,
    9.210671630041992,
    9.235783371713596,
    -0.025111741671606302,
    36780.52030363381,
    36056.684385669076,
    35332.84846770434,
    0.038770318345839896,
    0.5111123667862555,
    344.7972772177499,
    0.9258769548816044,
    35.04401719820934,
    20.17133588560974,
    20.666629757736164,
    3883.29405867038,
    1.0249006849679865,
    0.04421459755633039,
    0.0439801927979138,
    0.0,
    -0.018517975914911073,
    0.7209704356998448,
    6.984759476206892e-05,
    0.0002769252212255389,
    0.0016570296129655676,
    36008.733518935514,
    36527.17386842516,
    35491.04694953375,
    37045.23732787086,
    34972.98349008805,
    0.12412341786572705,
    2489619.44902357,
    1265.188505623503,
    0.2756892964927188,
    0.515213790848656,
    514649.9183040878,
    514388.5388394545,
    261.37946463329195,
    0.03132233584341762,
    0.035424419115708046,
    0.2217176008672976,
    0.07626944826979988,
    0.03392748203823788,
    0.151927482038232,
    -0.08407251796175623,
    0.45705997831755985,
    0.4999267485129948,
    0.4622754841923291,
    0.4049928213542735,
    0.05353218670339008,
    0.02660494008028363,
    0.023967886548096926,
    0.03483840721966656,
    0.02118455690025601,
    0.09176946292009727,
    0.02027601160303554,
    0.022971666324826393,
    0.017003412556008384,
    0.019550801940046166,
    0.012394151601277506,
    0.013331770634943889,
    0.015169794233824044,
    0.00490189437226186,
    0.4200240264877377,
    0.4477130885756981,
    0.08734507310498403,
    0.0789944035863928,
    0.00034487990314243966,
    0.0003150605892022113,
    0.45037944270268687,
    0.4234521960795804,
    0.016379032494359635,
    0.022268452049576608,
    -0.005889419555216971,
    9.738519001710968e-05,
    0.0002120508172183092,
    0.0003857096322924629,
    0.0008225746404288422,
    18.34850468397655,
    1824.6076038416156,
    -2.753759525504181e-05,
    -0.0001422032224562405,
    0.0058320037086917265,
    0.007386519485525926,
    0.8184259151450957
  ],
  "std": [
    15967.744649097844,
    15951.36536332761,
    15868.47123101693,
    15.76395909650999,
    301.70481652906693,
    283.90218177976345,
    91.30384285440184,
    16322.872488724191,
    15971.877677966319,
    15643.840637857667,
    0.031591845024428716,
    0.32652231241250146,
    265.71246401343495,
    0.574131949012069,
    14.350882826931835,
    10.126270751516472,
    10.000483157649438,
    4178.014016710237,
    0.6608221899179034,
    0.9990220664947161,
    0.9990324131989446,
    0.2752659507884757,
    0.4598280037078745,
    0.4485221014811452,
    0.006827920366658411,
    0.013487916138592227,
    0.033163819104263886,
    15936.170779829785,
    16178.90798378755,
    15698.980205965803,
    16428.618789415403,
    15469.368029975109,
    1.5949802052252346,
    1190937.9265249027,
    10031.939803229567,
    0.44686095961639755,
    0.28294451154723116,
    399754.47926097264,
    399510.3417016279,
    14005.519473607561,
    0.17418740082014456,
    0.18485002932924624,
    0.41540211198426696,
    0.997087253555257,
    0.2735348062063572,
    0.27353480620635723,
    0.273534806206357,
    0.4981527521764449,
    0.5000000046342197,
    0.4985748397969691,
    0.49089066585502744,
    0.8279097740940617,
    0.16092582285675755,
    0.15294910925368793,
    0.18337038002215825,
    1.0857514321617547,
    0.28870025003359295,
    0.14094288834619068,
    0.14981312314797254,
    0.025069056200689194,
    0.023768813932125658,
    0.11063696859595044,
    0.1146910494350018,
    0.06160848186549629,
    0.05651088043134796,
    0.49356241097961867,
    0.49725857341918045,
    0.28234007323805527,
    0.26973003759875086,
    0.0019056150312189847,
    0.00185424893009658,
    0.497531717827254,
    0.4941057008344216,
    0.12692817783089694,
    0.14755531520076975,
    0.19620295825009784,
    0.008699187689644101,
    0.01468619644625246,
    0.017208576829792748,
    0.028502983034042615,
    6.27905294717192,
    2882.5879830185054,
    0.004712341927085853,
    0.011936865688527625,
    0.003555796928295964,
    0.004605284371989235,
    0.21920319023608145
  ],
  "feature_columns": [
    "ema_21",
    "ema_55",
    "ema_200",
    "rsi",
    "macd",
    "macd_signal",
    "macd_hist",
    "bb_upper",
    "bb_middle",
    "bb_lower",
    "bb_width",
    "bb_position",
    "atr",
    "atr_pct",
    "adx",
    "di_plus",
    "di_minus",
    "vol_sma",
    "vol_ratio",
    "trend_ema",
    "trend_long",
    "macd_cross",
    "rsi_zone",
    "trend_strength",
    "return_1",
    "return_4",
    "return_24",
    "vwap",
    "vwap_upper_1",
    "vwap_lower_1",
    "vwap_upper_2",
    "vwap_lower_2",
    "vwap_distance",
    "cvd",
    "cvd_momentum",
    "cvd_divergence",
    "buy_volume_pct",
    "obv",
    "obv_ema",
    "obv_momentum",
    "obv_bullish_div",
    "obv_bearish_div",
    "fib_in_zone",
    "fib_zone_type",
    "fib_500_dist",
    "fib_618_dist",
    "fib_382_dist",
    "ms_hh",
    "ms_hl",
    "ms_lh",
    "ms_ll",
    "ms_trend",
    "ms_bullish_bos",
    "ms_bearish_bos",
    "ms_choch",
    "liq_vol_zscore",
    "liq_high_vol_zone",
    "liq_above",
    "liq_below",
    "liq_dist_high",
    "liq_dist_low",
    "ob_bullish",
    "ob_bearish",
    "ob_dist_bullish",
    "ob_dist_bearish",
    "ob_near_bullish",
    "ob_near_bearish",
    "fvg_bullish",
    "fvg_bearish",
    "fvg_bullish_size",
    "fvg_bearish_size",
    "fvg_bullish_unfilled",
    "fvg_bearish_unfilled",
    "div_rsi_bullish",
    "div_rsi_bearish",
    "div_rsi_signal",
    "eth_return_1h",
    "sol_return_1h",
    "eth_return_4h",
    "sol_return_4h",
    "btc_eth_ratio",
    "btc_sol_ratio",
    "btc_eth_divergence",
    "btc_sol_divergence",
    "btc_volatility",
    "eth_volatility",
    "volatility_ratio"
  ]
}